nom,telephone,email,site,query
Construction N Bossé Inc,"
(418) 666-8895",,http://www.constructionnbosse.com/,entrepreneur rénovation Québec Québec
Item construction et rénovation,"
(418) 454-8834",,http://itemconstruction.com/,entrepreneur rénovation Québec Québec
i9 construction | Entrepreneur général | Service de construction et de rénovations à Québec,"
(418) 559-7799",info@i9construction.com,https://i9construction.com/,entrepreneur rénovation Québec Québec
Construction Adera - Entrepreneur général et rénovation Québec,"
(418) 686-3212",,,entrepreneur rénovation Québec Québec
Mage Construction Inc.,"
(418) 204-2878",prod@anugomedia.ca,http://mageconstruction.com/,entrepreneur rénovation Québec Québec
"Fortier Construction — Construction neuve, Agrandissement et Rénovation | Résidentiel & Commercial | Région de Québec","
(418) 204-2599",web@dleg.co,http://fortierconstruction.ca/,entrepreneur général Québec Québec
Mästra Construction | Entrepreneur général,"
(418) 293-5098",jp@mastraconstruction.com,https://mastraconstruction.com/,entrepreneur général Québec Québec
Québec Plombier,"
(418) 800-7555",info@quebecplombier.ca,http://quebecplombier.ca/,plombier Québec Québec
Plomberie Débouche Expert 24/7,"
(418) 803-3323",,https://www.411habitation.com/plombiers/quebec/sainte-foy-2/plomberie-sainte-foy.htm,plombier Québec Québec
Plomberie Solutech | Plombier à Québec,"
(418) 655-3438",,http://www.plomberiesolutech.ca/,plombier Québec Québec
Plomberie Solutions MJ Inc.,"
(418) 808-6343",services@plomberiesolutionsmj.com,http://www.plomberiesolutionsmj.com/,plombier Québec Québec
Plomberie Jeff Gagné inc.,"
(418) 681-1112",plomjeffg@hotmail.fr,http://www.plomberiejeffgagne.com/,plombier Québec Québec
Éric Claveau Entrepreneur Électricien,"
(418) 915-9599",eric_claveau@hotmail.com,http://www.ericclaveau.com/,électricien Québec Québec
"Newtec Electricity, Inc.","
(418) 847-3433",info@newtecelectricite.com,http://newtecelectricite.com/,électricien Québec Québec
M.D. Electric,"
(581) 983-2433",,https://www.facebook.com/m.d.electrique/,électricien Québec Québec
Electricité Des Deux Rives Inc,"
(418) 353-8511",multimedia@triomphe.ca,http://www.eddr.ca/,électricien Québec Québec
JF Plomberie Électricité,"
(418) 407-4007",info@jfelectrique.com,http://jfelectrique.com/,électricien Québec Québec
Entrepreneur Général Construction G Marquis,"
(581) 999-7511",ghislain1444@gmail.com,http://www.constructiongmarquis.com/,entrepreneur rénovation Lévis Québec
GUS / GAM Rénovation Construction inc.,"
(418) 832-5398",info@gamrenovation.ca,https://gamrenovation.ca/apres-sinistre/nous-joindre,entrepreneur rénovation Lévis Québec
Renouvo Concept Inc.,"
(418) 609-6883",renouvoconcept@gmail.com,https://renouvoconcept.com/,entrepreneur rénovation Lévis Québec
Les Habitations Côté - Construction et Rénovation - Entrepreneur Général Lévis,"
(418) 952-2167",,https://www.411habitation.com/renovations/chaudiere-appalaches/levis-2/renovations-levis.htm,entrepreneur rénovation Lévis Québec
Constructions Vincent Ouzilleau,"
(418) 456-7831",constructionsvo@gmail.com,http://www.constructionsvo.com/,entrepreneur rénovation Lévis Québec
Plomberie Quessy,"
(418) 803-7115",,https://plomberiequessy.com/,plombier Lévis Québec
Plomberie Bernier Inc,"
(418) 576-7125",services@plomberiebernier.com,http://www.plomberiebernier.com/,plombier Lévis Québec
Plomberie Patoine,"
(418) 476-3443",votre@courriel.ca,https://plomberiepatoine.ca/,plombier Lévis Québec
PlomberieTitan Inc.,"
(418) 882-0012",,https://www.plomberietitan.com/,plombier Lévis Québec
Plombier Lévis,"
(581) 500-2729",,http://www.plombierlevis.ca/,plombier Lévis Québec
Gonthier Electrique Inc,"
(418) 831-5022",wweeiihhuuaanngg@gmail.com,http://www.gonthierelectrique.com/,électricien Lévis Québec
SR Électrique,"
(418) 999-4164",admin@srelectrique.com,https://srelectrique.com/,électricien Lévis Québec
Breton Électricien - Électricien Charny Saint-Nicolas,"
(418) 814-8775",Bretonelectricien@outlook.com,https://www.411habitation.com/electriciens/chaudiere-appalaches/charny-saint-nicolas-1/electriciens-charny-saint-nicolas.htm,électricien Lévis Québec
Parker k. électrique,"
(418) 884-3409",,,électricien Lévis Québec
"Sabourin Electric, Inc.","
(418) 261-8578",,,électricien Lévis Québec
Construction Nouvelle Adresse,"
(819) 609-8506",marlee@constna.com,https://constructionnouvelleadresse.com/,entrepreneur rénovation Trois-Rivières Québec
Concept Laflamme Construction Et Rénovation Inc,"
(819) 448-1119",impallari@gmail.com,https://conceptlaflammeconstruction.com/,entrepreneur rénovation Trois-Rivières Québec
Construction 2K22,"
(819) 801-6765",construction2k22inc@gmail.com,https://construction2k22.com/,entrepreneur rénovation Trois-Rivières Québec
Maison Platine construction et rénovation,"
(819) 609-9564",info@maisonplatine.com,http://www.maisonplatine.com/,entrepreneur rénovation Trois-Rivières Québec
Construction TG Courtois - Entrepreneur en rénovation Trois-rivières,"
(819) 809-2577",,https://www.411habitation.com/renovations/mauricie/trois-rivieres-4/renovations-trois-rivieres.htm,entrepreneur rénovation Trois-Rivières Québec
M&B Construction - Entrepreneur général,"
(819) 376-0815",info@metbconstruction.ca,http://metbconstruction.ca/,entrepreneur général Trois-Rivières Québec
Lixm Entrepreneur Général,"
(819) 371-4476",info@lixm.ca,http://www.lixm.ca/,entrepreneur général Trois-Rivières Québec
"Plomberie Expert'eau inc. - Plombier, Débouchage","
(819) 460-0540",,https://www.411habitation.com/plombiers/mauricie/saint-maurice-2/plombiers-saint-maurice.htm,plombier Trois-Rivières Québec
Plomberie inter mauricie,"
(819) 696-8877",groupeleste@live.ca,https://www.plomberieintermauricie.com/,plombier Trois-Rivières Québec
Plomberie Ans Inc,"
(819) 384-5219",plomberieans@gmail.com,https://plomberieans.com/,plombier Trois-Rivières Québec
Plomberie JPA - Urgence Plombier Trois-Rivières,"
(819) 370-7606",,https://www.411habitation.com/plombiers/mauricie/trois-rivieres-8/plombiers-trois-rivieres.htm,plombier Trois-Rivières Québec
Plomberie Zeus - Plombier à Trois-Rivières,"
(819) 699-4893",,https://www.411habitation.com/plombiers/mauricie/trois-rivieres-9/plombiers-trois-rivieres.htm,plombier Trois-Rivières Québec
Young Electrique,"
(819) 371-8917",info@youngelectrique.ca,https://youngelectrique.com/,électricien Trois-Rivières Québec
As électrique inc,"
(819) 996-1171",,,électricien Trois-Rivières Québec
Villeneuve Electrique,"
(819) 375-3555",soumission.gve@outlook.com,http://www.villeneuveelectrique.com/,électricien Trois-Rivières Québec
Entreprises Val-Mauricie Electrique Inc,"
(819) 371-3193",,https://www.valmauricieelectrique.com/,électricien Trois-Rivières Québec
Go Électrique | Trois-Rivières,"
(819) 944-3030",info@goelectrique.com,https://goelectrique.com/,électricien Trois-Rivières Québec
"Rénovation Mottard Bergeron - Rénovation Cuisine, Sous-Sol Drummondville","
(819) 473-1717",,https://www.411habitation.com/renovations/centre-du-quebec/drummondville-17/renovations-drummondville.htm,entrepreneur rénovation Drummondville Québec
Construction J B R Inc,"
(819) 473-4336",soumission@constructionjbr.com,http://www.constructionjbr.com/,entrepreneur rénovation Drummondville Québec
"Construction Anthony Lamothe Inc. – Agrandissement Maison, Entrepreneur Général Drummondville","
(819) 469-0005",construction.alamothe@outlook.com,https://www.411habitation.com/renovations/centre-du-quebec/drummondville-16/renovations-drummondville.htm,entrepreneur rénovation Drummondville Québec
Construction Stéphane Lévesque,"
(819) 475-0011",info@constructionstephanelevesque.ca,http://www.constructionstephanelevesque.ca/,entrepreneur rénovation Drummondville Québec
CONSTRUCTION S PARENTEAU,"
(819) 818-8328",constructions.parenteau@gmail.com,https://www.constructionsparenteau.com/,entrepreneur rénovation Drummondville Québec
Les Entreprises Lachance - Secteur Drummondville,"
(819) 820-1545",info@lachance.qc.ca,http://lachance.qc.ca/,entrepreneur général Drummondville Québec
Serge Brouillette Construction,"
(819) 471-2219",info@constructionbrouillette.com,https://constructionbrouillette.com/,entrepreneur général Drummondville Québec
Guy Martel Plumbing,"
(819) 472-3549",pgm@plomberieguymartel.ca,https://www.plomberieguymartel.com/,plombier Drummondville Québec
Plomberie P Lampron,"
(819) 472-8383",secretaire@plomberieplampron.net,http://www.plomberieplampron.net/,plombier Drummondville Québec
Plomberie Alarie inc.,"
(819) 469-4016",info@plomberiealarie.ca,http://www.plomberiealarie.ca/,plombier Drummondville Québec
Plomberie Dm Inc.,"
(819) 475-3351",plomberiedm@hotmail.com,https://www.plomberiedm.com/,plombier Drummondville Québec
M2 Electrique Inc.,"
(819) 479-0303",,,électricien Drummondville Québec
Fortek Électrique,"
(819) 818-6230",info@fortekelectrique.ca,http://www.fortekelectrique.ca/,électricien Drummondville Québec
Les Frères Lumières Inc. | Entrepreneur Électricien,"
(819) 967-2858",freres_lumieres@outlook.com,https://www.lesfrereslumieres.ca/,électricien Drummondville Québec
Damélec Inc,"
(819) 477-9638",info@damelec.ca,https://damelec.ca/,électricien Drummondville Québec
Drafaf Électrique Inc.,"
(819) 857-5321",info@drafaf.com,http://www.drafaf.com/,électricien Drummondville Québec
Constructions Nicolas Bellegarde inc - Les,"
(418) 227-5301",info@lesconstructionsnb.com,https://www.lesconstructionsnb.com/,entrepreneur rénovation Saint-Georges Québec
Construction Barak,"
(418) 957-7184",,https://www.facebook.com/profile.php?id=100091497055168&mibextid=ZbWKwL,entrepreneur rénovation Saint-Georges Québec
CONCREA,"
(418) 227-8151",info@concrea.ca,https://www.concrea.ca/,entrepreneur rénovation Saint-Georges Québec
CONSTRUCTIONS STEEVE BOLDUC INC,"
(418) 222-1721",,https://constructionssteevebolduc.ca/,entrepreneur rénovation Saint-Georges Québec
Pomerleau Construction - Saint-Georges,"
(418) 228-6688",communications@pomerleau.ca,https://pomerleau.ca/,entrepreneur rénovation Saint-Georges Québec
Plomberie Gilles Busque Inc,"
(418) 227-9462",,,plombier Saint-Georges Québec
G.H. BROUSSEAU ET FILS INC.,"
(418) 228-3212",lbrousseau@ghbrousseau.com,https://www.ghbrousseau.ca/,plombier Saint-Georges Québec
Plomberie Beauce inc.,"
(514) 893-1327",,,plombier Saint-Georges Québec
Plomberie Martin Labbé,"
(418) 313-1299",plumbingmartinlabbe@hotmail.com,https://www.martinlabbe.ca/,plombier Saint-Georges Québec
Plomberie S.M,"
(418) 227-5516",,https://www.yellowpages.ca/bus/Quebec/Saint-Georges/Plomberie-S-M/1245410.html,plombier Saint-Georges Québec
GL Électrique Inc.,"
(418) 228-3665",info@glelectrique.com,https://www.glelectrique.com/,électricien Saint-Georges Québec
Enterprises D'Electricite LB,"
(418) 228-8473",,,électricien Saint-Georges Québec
JAFE entrepreneur électricien,"
(418) 226-6669",,http://www.jafe.ca/,électricien Saint-Georges Québec
Rocky Labbe Electricien Inc,"
(418) 227-1751",,,électricien Saint-Georges Québec
Bourque Electrique,"
(418) 228-5020",,https://bourqueelectrique.com/,électricien Saint-Georges Québec
